{"lr-AdamW": 3e-05, "trainer/global_step": 858, "_timestamp": 1681232216.8356261, "_runtime": 1519.0025641918182, "_step": 124, "train_loss": 0.046284694224596024, "epoch": 13, "val_loss": 0.3494459092617035, "val_meanIOU": 0.413314551115036, "train_meanIOU": 0.7912773489952087, "mean_weight_norm": 5.47783088684082, "test_loss": 0.3494459092617035, "test_meanIOU": 0.413314551115036, "_wandb": {"runtime": 1519}}