{"train_loss": 0.09667208045721054, "train_mean_iou": 0.9075641632080078, "train_precision": 0.6878758072853088, "train_recall": 0.7131764888763428, "epoch": 59, "trainer/global_step": 359, "_timestamp": 1719857273.542806, "_runtime": 1392.1263978481293, "_step": 419, "val_mean_iou": 0.2933769226074219, "val_loss": 0.2767082154750824, "val_precision": 0.04855510592460632, "val_recall": 0.001725077978335321}