{"lr-AdamW": 3e-05, "trainer/global_step": 819, "_timestamp": 1681224992.3723571, "_runtime": 1484.2186300754547, "_step": 120, "train_loss": 0.11939869821071625, "epoch": 13, "val_loss": 0.27691569924354553, "val_meanIOU": 0.055025968700647354, "train_meanIOU": 0.7848692536354065, "mean_weight_norm": 5.473306655883789, "test_loss": 0.27691569924354553, "test_meanIOU": 0.055025968700647354, "_wandb": {"runtime": 1484}}