{"train_loss": 0.07601851969957352, "epoch": 22, "trainer/global_step": 206, "_timestamp": 1718539694.2237902, "_runtime": 213.66880917549133, "_step": 399, "val_loss": 0.19097094237804413}