{"lr-AdamW": 9e-06, "trainer/global_step": 1536, "_timestamp": 1684325907.68911, "_runtime": 795.9544260501862, "_step": 297, "train_loss": 0.039389096200466156, "epoch": 48, "val_loss": 0.08329129219055176, "val_meanIOU": 0.5619822144508362, "train_meanIOU": 0.8862329721450806, "mean_weight_norm": 5.441736221313477, "test_loss": 0.08329129219055176, "test_meanIOU": 0.5619822144508362, "_wandb": {"runtime": 796}}