{"val_loss": 0.6995712518692017, "epoch": 0, "_timestamp": 1719080469.722016, "_runtime": 249.4438440799713, "_step": 4, "train_loss": NaN, "trainer/global_step": 2}