{"train_loss": 0.3322685658931732, "train_mean_iou": 0.41302213072776794, "train_precision": 0.28083106875419617, "train_recall": 0.6489760875701904, "epoch": 59, "trainer/global_step": 119, "_timestamp": 1719794637.580058, "_runtime": 2938.2975420951843, "_step": 179, "val_mean_iou": 0.0067558251321315765, "val_loss": 1.2163562774658203, "val_precision": 0.15772531926631927, "val_recall": 0.006864347495138645, "_wandb": {"runtime": 7501}}