{"lr-AdamW": 9e-06, "trainer/global_step": 1054, "_timestamp": 1684336096.7878766, "_runtime": 530.4008765220642, "_step": 207, "train_loss": 0.04299790412187576, "epoch": 34, "val_loss": 0.11190173029899597, "val_meanIOU": 0.7296633124351501, "train_meanIOU": 0.8698148131370544, "mean_weight_norm": 5.440771102905273, "test_loss": 0.11190173029899597, "test_meanIOU": 0.7296633124351501, "_wandb": {"runtime": 530}}