{"train_loss": 0.2335209846496582, "epoch": 0, "trainer/global_step": 4, "_timestamp": 1719080950.7268312, "_runtime": 38.88945031166077, "_step": 4, "_wandb": {"runtime": 88}}