{"lr-AdamW": 9e-06, "trainer/global_step": 800, "_timestamp": 1684334101.410754, "_runtime": 971.2566139698029, "_step": 380, "val_loss": 0.37960928678512573, "val_meanIOU": 0.4296625554561615, "epoch": 100, "train_meanIOU": 0.8971960544586182, "mean_weight_norm": 5.431574821472168, "train_loss": 0.156113862991333, "test_loss": 0.37960928678512573, "test_meanIOU": 0.4296625554561615, "_wandb": {"runtime": 971}}