{"lr-AdamW": 3e-05, "trainer/global_step": 980, "_timestamp": 1681229204.5614297, "_runtime": 1958.702351808548, "_step": 158, "train_loss": 0.12315452098846436, "epoch": 20, "val_loss": 0.26040104031562805, "val_meanIOU": 0.4039594829082489, "train_meanIOU": 0.8120781779289246, "mean_weight_norm": 5.467081069946289, "test_loss": 0.26040104031562805, "test_meanIOU": 0.4039594829082489, "_wandb": {"runtime": 1958}}