{"lr-AdamW": 9e-06, "trainer/global_step": 551, "_timestamp": 1684329474.4708803, "_runtime": 301.32884216308594, "_step": 112, "train_loss": 0.060028716921806335, "epoch": 19, "val_loss": 0.2117648869752884, "val_meanIOU": 0.3170146942138672, "train_meanIOU": 0.8516148328781128, "mean_weight_norm": 5.439141750335693, "test_loss": 0.2117648869752884, "test_meanIOU": 0.3170146942138672, "_wandb": {"runtime": 301}}