{"train_loss": 0.0827670469880104, "train_mean_iou": 0.9127779006958008, "train_precision": 0.6880978345870972, "train_recall": 0.7192142605781555, "epoch": 97, "trainer/global_step": 587, "_timestamp": 1719849477.3143191, "_runtime": 2104.3924901485443, "_step": 685, "val_mean_iou": 0.375, "val_loss": 0.2407616525888443, "val_precision": 0.0, "val_recall": 0.0, "_wandb": {"runtime": 2205}}