{"train_loss": 0.19113494455814362, "train_mean_iou": 0.5883845686912537, "train_precision": 0.309018075466156, "train_recall": 0.5461128950119019, "epoch": 59, "trainer/global_step": 119, "_timestamp": 1719802360.704483, "_runtime": 3102.681736946106, "_step": 179, "val_mean_iou": 0.01497469749301672, "val_loss": 2.5089504718780518, "val_precision": 0.40732255578041077, "val_recall": 0.016014717519283295}