{"train_loss": 0.24124650657176971, "epoch": 0, "trainer/global_step": 8, "_timestamp": 1719081046.827441, "_runtime": 42.27546501159668, "_step": 9, "val_loss": 0.4630340337753296, "_wandb": {"runtime": 56}}