{"train_loss": 0.008465518243610859, "train_mean_iou": 0.9551666378974915, "train_precision": 0.39838144183158875, "train_recall": 0.41079625487327576, "epoch": 56, "trainer/global_step": 284, "_timestamp": 1719861488.0421572, "_runtime": 1266.1668531894684, "_step": 341, "val_mean_iou": 0.05518467351794243, "val_loss": 0.9294731616973877, "val_precision": 0.07000993192195892, "val_recall": 0.002565674250945449, "_wandb": {"runtime": 4282}}