{"train_loss": 0.06311561912298203, "train_mean_iou": 0.7180800437927246, "train_precision": 0.6790368556976318, "train_recall": 0.7575611472129822, "epoch": 22, "trainer/global_step": 68, "_timestamp": 1719872178.25506, "_runtime": 3145.796872854233, "_step": 91, "val_mean_iou": 0.1666666716337204, "val_loss": 1.2003965377807617, "val_precision": 0.0, "val_recall": 0.0, "_wandb": {"runtime": 3699}}