{"train_loss": 0.22420883178710938, "train_mean_iou": 0.17798960208892822, "train_precision": 0.3694430887699127, "train_recall": 0.2696272134780884, "epoch": 24, "trainer/global_step": 124, "_timestamp": 1721931072.276621, "_runtime": 511.4173882007599, "_step": 149, "val_loss": 0.3491749167442322, "val_mean_iou": 0.057686030864715576, "val_precision": 0.0942850112915039, "val_recall": 0.0801612064242363, "_wandb": {"runtime": 745}}