{"lr-AdamW": 9e-06, "trainer/global_step": 1265, "_timestamp": 1681477218.1802287, "_runtime": 7323.665997743607, "_step": 291, "train_loss": 0.09148292243480682, "epoch": 55, "val_loss": 0.16469910579709224, "val_meanIOU": 0.2055090069770813, "train_meanIOU": 0.7450091242790222, "mean_weight_norm": 5.446101665496826, "test_loss": 0.17050547129259258, "test_meanIOU": 0.2307649552822113, "_wandb": {"runtime": 7323}}