{"lr-AdamW": 9e-06, "trainer/global_step": 544, "_timestamp": 1684335322.6717396, "_runtime": 276.13380765914917, "_step": 105, "train_loss": 0.06520713865756989, "epoch": 17, "val_loss": 0.17259858548641205, "val_meanIOU": 0.6349921822547913, "train_meanIOU": 0.8505451679229736, "mean_weight_norm": 5.441009044647217, "test_loss": 0.17259858548641205, "test_meanIOU": 0.6349921822547913, "_wandb": {"runtime": 275}}