{"lr-AdamW": 9e-06, "trainer/global_step": 496, "_timestamp": 1684330592.9430583, "_runtime": 278.0046362876892, "_step": 97, "train_loss": 0.07793888449668884, "epoch": 16, "val_loss": 0.2126827985048294, "val_meanIOU": 0.6638084650039673, "train_meanIOU": 0.8374426960945129, "mean_weight_norm": 5.439071178436279, "test_loss": 0.2126827985048294, "test_meanIOU": 0.6638084650039673, "_wandb": {"runtime": 278}}