{"train_loss": 0.10390488058328629, "train_mean_iou": 0.18785099685192108, "train_precision": 0.20108966529369354, "train_recall": 0.6231991648674011, "epoch": 24, "trainer/global_step": 124, "_timestamp": 1721932281.303442, "_runtime": 517.5708339214325, "_step": 149, "val_loss": 0.2334003448486328, "val_mean_iou": 0.08005949854850769, "val_precision": 0.13472114503383636, "val_recall": 0.1434800624847412}