{"lr-AdamW": 9e-06, "trainer/global_step": 1219, "_timestamp": 1681222912.604412, "_runtime": 2330.4984810352325, "_step": 190, "train_loss": 0.06544063985347748, "epoch": 23, "val_loss": 0.26239630579948425, "val_meanIOU": 0.5330910086631775, "train_meanIOU": 0.7680702209472656, "mean_weight_norm": 5.475672721862793, "test_loss": 0.26239630579948425, "test_meanIOU": 0.5330910086631775, "_wandb": {"runtime": 2330}}