{"lr-AdamW": 3e-05, "trainer/global_step": 910, "_timestamp": 1681226833.7329364, "_runtime": 1586.9192245006561, "_step": 130, "train_loss": 0.11338398605585098, "epoch": 13, "val_loss": 0.3867446482181549, "val_meanIOU": 0.047070715576410294, "train_meanIOU": 0.7850369215011597, "mean_weight_norm": 5.479872226715088, "test_loss": 0.3867446482181549, "test_meanIOU": 0.047070715576410294, "_wandb": {"runtime": 1587}}