{"train_loss": 0.2267468124628067, "train_mean_iou": 0.6556999087333679, "train_precision": 0.7097590565681458, "train_recall": 0.8796423673629761, "epoch": 59, "trainer/global_step": 179, "_timestamp": 1719789328.6675048, "_runtime": 2280.396300792694, "_step": 239, "val_mean_iou": 0.0001167679947684519, "val_loss": 1.1467595100402832, "val_precision": 0.0022831049282103777, "val_recall": 0.00012300122762098908}