{"lr-AdamW": 3e-05, "trainer/global_step": 1360, "_timestamp": 1681220229.3121912, "_runtime": 2377.2874982357025, "_step": 196, "train_loss": 0.058995265513658524, "epoch": 20, "val_loss": 0.3368212580680847, "val_meanIOU": 0.2642342746257782, "train_meanIOU": 0.8080176115036011, "mean_weight_norm": 5.484733581542969, "test_loss": 0.3368212580680847, "test_meanIOU": 0.2642342746257782, "_wandb": {"runtime": 2377}}