{"lr-AdamW": 3e-05, "trainer/global_step": 1360, "_timestamp": 1681293957.5419686, "_runtime": 2372.051142692566, "_step": 196, "train_loss": 0.10612264275550842, "epoch": 20, "val_loss": 0.37297186255455017, "val_meanIOU": 0.3217666745185852, "train_meanIOU": 0.8089323043823242, "mean_weight_norm": 5.482120513916016, "test_loss": 0.37297186255455017, "test_meanIOU": 0.3217666745185852, "_wandb": {"runtime": 2372}}