{"train_loss": 0.24396076798439026, "train_mean_iou": 0.5333433151245117, "train_precision": 0.544454038143158, "train_recall": 0.45581549406051636, "epoch": 17, "trainer/global_step": 35, "_timestamp": 1719828225.988538, "_runtime": 1122.3105471134186, "_step": 53, "val_mean_iou": 1.2571171881248233e-10, "val_loss": 0.47920483350753784, "val_precision": 0.0, "val_recall": 0.0}