{"train_loss": 0.19393318891525269, "train_mean_iou": 0.6793982982635498, "train_precision": 0.4957391619682312, "train_recall": 0.5133702754974365, "epoch": 88, "trainer/global_step": 177, "_timestamp": 1719832634.5497699, "_runtime": 5530.871778964996, "_step": 266, "val_mean_iou": 1.2571171881248233e-10, "val_loss": 0.47643065452575684, "val_precision": 0.0, "val_recall": 0.0}