{"train_loss": 0.2746272683143616, "train_mean_iou": 0.6052639484405518, "train_precision": 0.40194597840309143, "train_recall": 0.3979231119155884, "epoch": 13, "trainer/global_step": 27, "_timestamp": 1719827928.480821, "_runtime": 824.8028299808502, "_step": 41, "val_mean_iou": 0.00013598051737062633, "val_loss": 0.5137962102890015, "val_precision": 0.0012360939290374517, "val_recall": 0.00015269506548065692}