{"train_loss": 0.1974923014640808, "train_mean_iou": 0.5721040964126587, "train_precision": 0.730657160282135, "train_recall": 0.4740014374256134, "epoch": 46, "trainer/global_step": 93, "_timestamp": 1719830137.205099, "_runtime": 3033.527108192444, "_step": 140, "val_mean_iou": 1.2571171881248233e-10, "val_loss": 0.4693387746810913, "val_precision": 0.0, "val_recall": 0.0}