{"train_loss": 0.29483872652053833, "train_mean_iou": 0.46588146686553955, "train_precision": 0.23971343040466309, "train_recall": 0.25728631019592285, "epoch": 11, "trainer/global_step": 23, "_timestamp": 1719827759.797857, "_runtime": 656.1198661327362, "_step": 35, "val_mean_iou": 1.2571171881248233e-10, "val_loss": 0.518890380859375, "val_precision": 0.0, "val_recall": 0.0}