{"train_loss": 0.04598051309585571, "train_mean_iou": 0.8953722715377808, "train_precision": 0.17377594113349915, "train_recall": 0.17563800513744354, "epoch": 49, "trainer/global_step": 399, "_timestamp": 1719887708.827911, "_runtime": 14968.673937797546, "_step": 449, "val_mean_iou": 0.1666666716337204, "val_loss": 0.4510138928890228, "val_precision": 0.0, "val_recall": 0.0, "_wandb": {"runtime": 15949}}