{"train_loss": 0.12777820229530334, "epoch": 17, "trainer/global_step": 161, "_timestamp": 1718539242.409143, "_runtime": 90.82403492927551, "_step": 179, "val_loss": 0.17840027809143066}