{"train_loss": 0.172925665974617, "train_mean_iou": 0.7272727489471436, "train_precision": 0.0, "train_recall": 0.0, "epoch": 1, "trainer/global_step": 15, "_timestamp": 1719868553.476804, "_runtime": 422.1442880630493, "_step": 17, "val_mean_iou": 0.1666666716337204, "val_loss": 0.6571564674377441, "val_precision": 0.0, "val_recall": 0.0, "_wandb": {"runtime": 892}}