{"train_loss": 0.03564279526472092, "train_mean_iou": 0.8344253897666931, "train_precision": 0.5112262964248657, "train_recall": 0.5764020681381226, "epoch": 41, "trainer/global_step": 209, "_timestamp": 1719866386.1444821, "_runtime": 1869.2316160202026, "_step": 251, "val_mean_iou": 0.34167417883872986, "val_loss": 0.7720615863800049, "val_precision": 0.30354270339012146, "val_recall": 0.10393384099006653, "_wandb": {"runtime": 2668}}