{"train_loss": 0.24540400505065918, "epoch": 0, "trainer/global_step": 4, "_timestamp": 1719080820.593556, "_runtime": 102.38116598129272, "_step": 9, "_wandb": {"runtime": 78}}