{"lr-AdamW": 9e-06, "trainer/global_step": 496, "_timestamp": 1684492286.5588822, "_runtime": 268.34833812713623, "_step": 97, "train_loss": 0.05288092792034149, "epoch": 16, "val_loss": 0.2764498293399811, "val_meanIOU": 0.4615108072757721, "train_meanIOU": 0.8571509718894958, "mean_weight_norm": 5.440067291259766, "test_loss": 0.2764498293399811, "test_meanIOU": 0.4615108072757721, "_wandb": {"runtime": 268}}