{"val_loss": 0.27055874466896057, "epoch": 13, "_timestamp": 1719083035.542295, "_runtime": 565.6161019802094, "_step": 184, "train_loss": 0.18388938903808594, "trainer/global_step": 125}