{"train_loss": 0.09350933879613876, "train_mean_iou": 0.7252106666564941, "train_precision": 0.7176942825317383, "train_recall": 0.6856610178947449, "epoch": 56, "trainer/global_step": 170, "_timestamp": 1719895957.3928618, "_runtime": 7258.609385728836, "_step": 227, "val_mean_iou": 0.1666666716337204, "val_loss": 0.41555389761924744, "val_precision": 0.0, "val_recall": 0.0}