{"lr-AdamW": 3e-05, "trainer/global_step": 8910, "_timestamp": 1684505415.1865017, "_runtime": 3672.316691637039, "_step": 925, "train_loss": 0.03353535035581126, "epoch": 11, "val_loss": 4.553029537200928, "val_meanIOU": 0.11928699910640717, "train_meanIOU": 0.6363686919212341, "mean_weight_norm": 5.667089462280273, "test_loss": 4.485837936401367, "test_meanIOU": 0.1311444640159607, "_wandb": {"runtime": 3672}}