{"lr-AdamW": 3e-06, "trainer/global_step": 6273, "_timestamp": 1684511068.1136324, "_runtime": 2613.5337584018707, "_step": 652, "train_loss": 0.2648056745529175, "epoch": 8, "val_loss": 0.515475332736969, "val_meanIOU": 0.29946547746658325, "train_meanIOU": 0.30118033289909363, "mean_weight_norm": 5.429234027862549, "test_loss": 0.6734491586685181, "test_meanIOU": 0.3331575095653534, "_wandb": {"runtime": 2613}}